date,call_pnl,call_margin,put_pnl,put_margin,sell_lots,pnl,ret
2023-09-28,,5330.0,,7243.0,1,,
2023-09-28,,5330.0,,7243.0,1,,
2023-09-27,-26.599998182058336,4855.2,181.90008535385132,7062.2,1,155.300087171793,1.55300087171793e-05
2023-09-27,-26.599998182058336,4855.2,181.90008535385132,7062.2,1,155.300087171793,1.55300087171793e-05
2023-09-26,10.399994844198227,4909.8,-33.60006079673767,6990.8,1,-23.200065952539447,-2.320006595253945e-06
2023-09-26,10.399994844198227,4909.8,-33.60006079673767,6990.8,1,-23.200065952539447,-2.320006595253945e-06
2023-09-25,74.39999788403512,6390.2,-139.59999248981475,5589.2,1,-65.19999460577964,-6.519999460577964e-06
2023-09-25,74.39999788403512,6390.2,-139.59999248981475,5589.2,1,-65.19999460577964,-6.519999460577964e-06
2023-09-22,538.9000004470348,6733.2,-951.5999914765358,9421.2,1,-412.699991029501,-4.12699991029501e-05
2023-09-22,538.9000004470348,6733.2,-951.5999914765358,9421.2,1,-412.699991029501,-4.12699991029501e-05
2023-09-21,-640.599998241663,4868.2,1309.3999488592149,7056.2,1,668.7999506175519,6.687999506175518e-05
2023-09-21,-640.599998241663,4868.2,1309.3999488592149,7056.2,1,668.7999506175519,6.687999506175518e-05
2023-09-20,49.399984472990035,5236.6,-213.59997854232788,7053.6,1,-164.19999406933783,-1.6419999406933784e-05
2023-09-20,49.399984472990035,5236.6,-213.59997854232788,7053.6,1,-164.19999406933783,-1.6419999406933784e-05
2023-09-19,23.40001001358032,5089.4,7.900045657157898,6732.4,1,31.300055670738217,3.1300055670738215e-06
2023-09-19,23.40001001358032,5089.4,7.900045657157898,6732.4,1,31.300055670738217,3.1300055670738215e-06
2023-09-18,,,,,1,,
2023-09-15,-9.600003777444362,5135.8,104.89997401237488,6983.8,1,95.29997023493053,9.529997023493052e-06
2023-09-15,-9.600003777444362,5135.8,104.89997401237488,6983.8,1,95.29997023493053,9.529997023493052e-06
2023-09-14,12.400000759959221,5126.6,63.90009953975677,6951.6,1,76.300100299716,7.630010029971599e-06
2023-09-14,12.400000759959221,5126.6,63.90009953975677,6951.6,1,76.300100299716,7.630010029971599e-06
2023-09-13,96.39999776482583,5954.4,-431.1000095367432,7142.4,1,-334.7000117719174,-3.3470001177191736e-05
2023-09-13,96.39999776482583,5954.4,-431.1000095367432,7142.4,1,-334.7000117719174,-3.3470001177191736e-05
2023-09-12,9.399996542930603,6004.8,107.40009083747864,7269.8,1,116.80008738040925,1.1680008738040925e-05
2023-09-12,9.399996542930603,6004.8,107.40009083747864,7269.8,1,116.80008738040925,1.1680008738040925e-05
2023-09-11,-0.5999864697456361,5806.4,120.40001287460328,7694.4,1,119.80002640485765,1.1980002640485765e-05
2023-09-11,-0.5999864697456361,5806.4,120.40001287460328,7694.4,1,119.80002640485765,1.1980002640485765e-05
2023-09-08,29.399999821186064,5302.2,-46.600057339668275,7159.2,1,-17.20005751848221,-1.7200057518482212e-06
2023-09-08,29.399999821186064,5302.2,-46.600057339668275,7159.2,1,-17.20005751848221,-1.7200057518482212e-06
2023-09-07,138.400000923872,6191.2,-506.1000870227814,7197.2,1,-367.7000860989094,-3.677000860989094e-05
2023-09-07,138.400000923872,6191.2,-506.1000870227814,7197.2,1,-367.7000860989094,-3.677000860989094e-05
2023-09-06,-71.59999624490737,6135.0,199.90001752376557,7105.0,1,128.3000212788582,1.283000212788582e-05
2023-09-06,-71.59999624490737,6135.0,199.90001752376557,7105.0,1,128.3000212788582,1.283000212788582e-05
2023-09-05,141.90000429153443,6987.8,-175.09999737739562,7552.8,1,-33.199993085861195,-3.3199993085861193e-06
2023-09-05,141.90000429153443,6987.8,-175.09999737739562,7552.8,1,-33.199993085861195,-3.3199993085861193e-06
2023-09-04,-186.59996852874755,6223.8,430.39997055530546,7575.8,1,243.8000020265579,2.438000020265579e-05
2023-09-04,-186.59996852874755,6223.8,430.39997055530546,7575.8,1,243.8000020265579,2.438000020265579e-05
2023-09-01,38.40000315904617,6069.4,16.400040531158446,7508.4,1,54.80004369020462,5.480004369020462e-06
2023-09-01,38.40000315904617,6069.4,16.400040531158446,7508.4,1,54.80004369020462,5.480004369020462e-06
2023-08-31,146.399987334013,6453.2,-176.10001430511474,7571.2,1,-29.70002697110175,-2.970002697110175e-06
2023-08-31,146.399987334013,6453.2,-176.10001430511474,7571.2,1,-29.70002697110175,-2.970002697110175e-06
2023-08-30,155.4000092983246,6867.8,-192.59999558925628,8043.8,1,-37.19998629093169,-3.719998629093169e-06
2023-08-30,155.4000092983246,6867.8,-192.59999558925628,8043.8,1,-37.19998629093169,-3.719998629093169e-06
2023-08-29,-142.6000246465206,5212.6,719.400094294548,7611.6,1,576.8000696480274,5.7680006964802734e-05
2023-08-29,-142.6000246465206,5212.6,719.400094294548,7611.6,1,576.8000696480274,5.7680006964802734e-05
2023-08-28,391.39999955296514,7014.4,-1065.5999468326568,7496.4,1,-674.1999472796916,-6.741999472796916e-05
2023-08-28,391.39999955296514,7014.4,-1065.5999468326568,7496.4,1,-674.1999472796916,-6.741999472796916e-05
2023-08-25,829.8999904036522,6989.8,-2021.100028014183,9287.8,1,-1191.2000376105307,-0.00011912000376105307
2023-08-25,829.8999904036522,6989.8,-2021.100028014183,9287.8,1,-1191.2000376105307,-0.00011912000376105307
2023-08-24,-888.10001552701,4876.4,1525.3999917149545,7339.4,1,637.2999761879445,6.372999761879444e-05
2023-08-24,-888.10001552701,4876.4,1525.3999917149545,7339.4,1,637.2999761879445,6.372999761879444e-05
2023-08-23,103.40000450015069,5590.4,-516.6000412464142,7020.4,1,-413.20003674626355,-4.1320003674626356e-05
2023-08-23,103.40000450015069,5590.4,-516.6000412464142,7020.4,1,-413.20003674626355,-4.1320003674626356e-05
2023-08-22,-8.600010132789611,5883.6,105.90006544589997,7645.6,1,97.30005531311036,9.730005531311037e-06
2023-08-22,-8.600010132789611,5883.6,105.90006544589997,7645.6,1,97.30005531311036,9.730005531311037e-06
2023-08-21,179.39996852874756,6749.4,-657.5999693632126,7676.4,1,-478.2000008344651,-4.782000008344651e-05
2023-08-21,179.39996852874756,6749.4,-657.5999693632126,7676.4,1,-478.2000008344651,-4.782000008344651e-05
2023-08-18,368.90000983476637,8215.2,-648.6000405311585,8173.2,1,-279.7000306963921,-2.797000306963921e-05
2023-08-18,368.90000983476637,8215.2,-648.6000405311585,8173.2,1,-279.7000306963921,-2.797000306963921e-05
2023-08-17,-230.60000554323196,7262.4,432.4000044107437,7620.4,1,201.79999886751173,2.0179999886751173e-05
2023-08-17,-230.60000554323196,7262.4,432.4000044107437,7620.4,1,201.79999886751173,2.0179999886751173e-05
2023-08-16,64.39999624490738,7191.4,-211.09993622303008,9559.4,1,-146.6999399781227,-1.466999399781227e-05
2023-08-16,64.39999624490738,7191.4,-211.09993622303008,9559.4,1,-146.6999399781227,-1.466999399781227e-05
2023-08-15,-796.1000041723252,5527.6,1505.9000714063645,5283.6,1,709.8000672340394,7.098000672340394e-05
2023-08-15,-796.1000041723252,5527.6,1505.9000714063645,5283.6,1,709.8000672340394,7.098000672340394e-05
2023-08-14,154.40001099705697,6885.6,-1667.1001078248023,9180.6,1,-1512.7000968277453,-0.00015127000968277453
2023-08-14,154.40001099705697,6885.6,-1667.1001078248023,9180.6,1,-1512.7000968277453,-0.00015127000968277453
2023-08-11,-565.1000054240227,6415.6,872.3999834001064,7446.6,1,307.2999779760837,3.072999779760837e-05
2023-08-11,-565.1000054240227,6415.6,872.3999834001064,7446.6,1,307.2999779760837,3.072999779760837e-05
2023-08-10,16.400012591481207,6577.0,-49.1000251531601,7555.0,1,-32.70001256167889,-3.270001256167889e-06
2023-08-10,16.400012591481207,6577.0,-49.1000251531601,7555.0,1,-32.70001256167889,-3.270001256167889e-06
2023-08-09,73.39999958276749,7024.6,-154.10008893013,7610.6,1,-80.7000893473625,-8.07000893473625e-06
2023-08-09,73.39999958276749,7024.6,-154.10008893013,7610.6,1,-80.7000893473625,-8.07000893473625e-06
2023-08-08,-24.09999311566353,7221.0,67.89998098611832,7546.0,1,43.79998787045479,4.379998787045479e-06
2023-08-08,-24.09999311566353,7221.0,67.89998098611832,7546.0,1,43.79998787045479,4.379998787045479e-06
2023-08-07,-7.099984741210937,7192.6,0.9000016689300536,9775.6,1,-6.199983072280883,-6.199983072280883e-07
2023-08-07,-7.099984741210937,7192.6,0.9000016689300536,9775.6,1,-6.199983072280883,-6.199983072280883e-07
2023-08-04,-501.09999307096007,5754.4,1676.400014603138,6235.4,1,1175.300021532178,0.00011753000215321781
2023-08-04,-501.09999307096007,5754.4,1676.400014603138,6235.4,1,1175.300021532178,0.00011753000215321781
2023-08-03,394.4000130832195,7066.6,-1813.1000088214873,7714.6,1,-1418.6999957382677,-0.00014186999957382677
2023-08-03,394.4000130832195,7066.6,-1813.1000088214873,7714.6,1,-1418.6999957382677,-0.00014186999957382677
2023-08-02,145.39998903274537,7686.0,-159.59999576807022,8087.0,1,-14.200006735324848,-1.420000673532485e-06
2023-08-02,145.39998903274537,7686.0,-159.59999576807022,8087.0,1,-14.200006735324848,-1.420000673532485e-06
2023-08-01,60.40000303983688,7663.2,31.90000488758087,8130.2,1,92.30000792741775,9.230000792741776e-06
2023-08-01,60.40000303983688,7663.2,31.90000488758087,8130.2,1,92.30000792741775,9.230000792741776e-06
2023-07-31,157.39996864795685,7644.6,-70.59997931718826,8576.6,1,86.7999893307686,8.679998933076859e-06
2023-07-31,157.39996864795685,7644.6,-70.59997931718826,8576.6,1,86.7999893307686,8.679998933076859e-06
2023-07-28,-284.5999976307154,5402.0,799.9000413656235,7223.0,1,515.3000437349081,5.15300043734908e-05
2023-07-28,-284.5999976307154,5402.0,799.9000413656235,7223.0,1,515.3000437349081,5.15300043734908e-05
2023-07-27,142.39998481571675,6336.4,-368.599994635582,7752.4,1,-226.20000981986524,-2.2620000981986526e-05
2023-07-27,142.39998481571675,6336.4,-368.599994635582,7752.4,1,-226.20000981986524,-2.2620000981986526e-05
2023-07-26,13.899998211860657,6309.0,-25.099991416931154,7595.0,1,-11.199993205070497,-1.1199993205070497e-06
2023-07-26,13.899998211860657,6309.0,-25.099991416931154,7595.0,1,-11.199993205070497,-1.1199993205070497e-06
2023-07-25,-9.599989807605743,6158.8,4.89992036819458,8438.8,1,-4.700069439411163,-4.7000694394111627e-07
2023-07-25,-9.599989807605743,6158.8,4.89992036819458,8438.8,1,-4.700069439411163,-4.7000694394111627e-07
2023-07-24,44.40001159310341,5243.0,-35.09993717670441,7362.0,1,9.300074416399,9.300074416398999e-07
2023-07-24,44.40001159310341,5243.0,-35.09993717670441,7362.0,1,9.300074416399,9.300074416398999e-07
2023-07-21,19.899997332692145,5222.6,114.40006031990052,7415.6,1,134.30005765259267,1.3430005765259267e-05
2023-07-21,19.899997332692145,5222.6,114.40006031990052,7415.6,1,134.30005765259267,1.3430005765259267e-05
2023-07-20,148.39999324977398,6377.0,-702.1000520944596,7942.0,1,-553.7000588446856,-5.537000588446856e-05
2023-07-20,148.39999324977398,6377.0,-702.1000520944596,7942.0,1,-553.7000588446856,-5.537000588446856e-05
2023-07-19,22.399993085861205,6401.4,-179.59999904632568,7883.4,1,-157.20000596046447,-1.5720000596046448e-05
2023-07-19,22.399993085861205,6401.4,-179.59999904632568,7883.4,1,-157.20000596046447,-1.5720000596046448e-05
2023-07-18,36.39998793005943,5963.8,-18.09994742870331,7348.8,1,18.300040501356122,1.8300040501356122e-06
2023-07-18,36.39998793005943,5963.8,-18.09994742870331,7348.8,1,18.300040501356122,1.8300040501356122e-06
2023-07-17,-374.0999899491668,5964.4,-241.6000054836273,7184.4,1,-615.6999954327941,-6.156999954327941e-05
2023-07-17,-374.0999899491668,5964.4,-241.6000054836273,7184.4,1,-615.6999954327941,-6.156999954327941e-05
2023-07-14,70.89999917298556,6578.0,-160.0999297261238,7648.0,1,-89.19993055313824,-8.919993055313825e-06
2023-07-14,70.89999917298556,6578.0,-160.0999297261238,7648.0,1,-89.19993055313824,-8.919993055313825e-06
2023-07-13,-43.60000655651093,6151.6,180.89991941452027,8047.6,1,137.29991285800935,1.3729991285800935e-05
2023-07-13,-43.60000655651093,6151.6,180.89991941452027,8047.6,1,137.29991285800935,1.3729991285800935e-05
2023-07-12,96.39999776482583,6274.0,-520.0999514818192,7531.0,1,-423.6999537169934,-4.236999537169934e-05
2023-07-12,96.39999776482583,6274.0,-520.0999514818192,7531.0,1,-423.6999537169934,-4.236999537169934e-05
2023-07-11,-63.10000137090683,5751.8,346.90004720687864,7504.8,1,283.8000458359718,2.838000458359718e-05
2023-07-11,-63.10000137090683,5751.8,346.90004720687864,7504.8,1,283.8000458359718,2.838000458359718e-05
2023-07-10,5.400003337860108,5734.6,-46.599982833862306,7678.6,1,-41.1999794960022,-4.11999794960022e-06
2023-07-10,5.400003337860108,5734.6,-46.599982833862306,7678.6,1,-41.1999794960022,-4.11999794960022e-06
2023-07-07,10.900003308057785,5498.8,29.39996256828308,7308.8,1,40.29996587634086,4.029996587634086e-06
2023-07-07,10.900003308057785,5498.8,29.39996256828308,7308.8,1,40.29996587634086,4.029996587634086e-06
2023-07-06,46.400008195638655,6000.6,-256.1000274181366,7424.6,1,-209.70001922249796,-2.0970001922249795e-05
2023-07-06,46.400008195638655,6000.6,-256.1000274181366,7424.6,1,-209.70001922249796,-2.0970001922249795e-05
2023-07-05,60.900002190470694,6441.0,-130.0999806880951,7584.0,1,-69.19997849762439,-6.919997849762439e-06
2023-07-05,60.900002190470694,6441.0,-130.0999806880951,7584.0,1,-69.19997849762439,-6.919997849762439e-06
2023-07-04,4.89999487400055,6395.0,97.90000452995301,7626.0,1,102.79999940395356,1.0279999940395357e-05
2023-07-04,4.89999487400055,6395.0,97.90000452995301,7626.0,1,102.79999940395356,1.0279999940395357e-05
2023-07-03,12.399991446733475,6401.2,-48.60001668930054,7963.2,1,-36.200025242567065,-3.6200025242567064e-06
2023-07-03,12.399991446733475,6401.2,-48.60001668930054,7963.2,1,-36.200025242567065,-3.6200025242567064e-06
2023-06-30,-50.09999551475048,5462.0,260.8999325275421,7623.0,1,210.79993701279162,2.1079993701279162e-05
2023-06-30,-50.09999551475048,5462.0,260.8999325275421,7623.0,1,210.79993701279162,2.1079993701279162e-05
2023-06-29,15.400004976987839,6052.0,-22.100015139579774,5657.0,1,-6.700010162591935,-6.700010162591935e-07
2023-06-29,15.400004976987839,6052.0,-22.100015139579774,5657.0,1,-6.700010162591935,-6.700010162591935e-07
2023-06-28,741.9000001937151,8188.2,-1414.6000059008597,7925.2,1,-672.7000057071447,-6.727000057071447e-05
2023-06-28,741.9000001937151,8188.2,-1414.6000059008597,7925.2,1,-672.7000057071447,-6.727000057071447e-05
2023-06-27,-79.60001990795135,7209.6,150.39999916553498,9817.6,1,70.79997925758363,7.079997925758363e-06
2023-06-27,-79.60001990795135,7209.6,150.39999916553498,9817.6,1,70.79997925758363,7.079997925758363e-06
2023-06-26,-617.6000093728304,5426.2,1236.8999509453774,7017.2,1,619.299941572547,6.19299941572547e-05
2023-06-26,-617.6000093728304,5426.2,1236.8999509453774,7017.2,1,619.299941572547,6.19299941572547e-05
2023-06-21,249.39998000264168,7330.4,-617.5999628067017,7745.4,1,-368.19998280406,-3.6819998280406006e-05
2023-06-21,249.39998000264168,7330.4,-617.5999628067017,7745.4,1,-368.19998280406,-3.6819998280406006e-05
2023-06-20,48.89999463558197,7204.4,-0.09997800588607797,7673.4,1,48.80001662969589,4.880001662969589e-06
2023-06-20,48.89999463558197,7204.4,-0.09997800588607797,7673.4,1,48.80001662969589,4.880001662969589e-06
2023-06-19,-469.1000008642674,7431.2,-528.0999751448632,7737.2,1,-997.1999760091305,-9.971999760091305e-05
2023-06-19,-469.1000008642674,7431.2,-528.0999751448632,7737.2,1,-997.1999760091305,-9.971999760091305e-05
2023-06-16,-78.10001314282417,6907.2,301.8999932646751,7759.2,1,223.79998012185095,2.2379998012185094e-05
2023-06-16,-78.10001314282417,6907.2,301.8999932646751,7759.2,1,223.79998012185095,2.2379998012185094e-05
2023-06-15,-62.60000222027302,6236.6,299.4000627040863,7593.6,1,236.80006048381327,2.3680006048381326e-05
2023-06-15,-62.60000222027302,6236.6,299.4000627040863,7593.6,1,236.80006048381327,2.3680006048381326e-05
2023-06-14,13.399999061226845,6103.0,-19.099964356422426,7475.0,1,-5.699965295195581,-5.699965295195581e-07
2023-06-14,13.399999061226845,6103.0,-19.099964356422426,7475.0,1,-5.699965295195581,-5.699965295195581e-07
2023-06-13,14.900005826354027,5888.2,150.90000762939454,7466.2,1,165.80001345574857,1.6580001345574856e-05
2023-06-13,14.900005826354027,5888.2,150.90000762939454,7466.2,1,165.80001345574857,1.6580001345574856e-05
2023-06-12,2.3999944642186164,5578.4,162.89998724460602,7236.4,1,165.29998170882465,1.6529998170882464e-05
2023-06-12,2.3999944642186164,5578.4,162.89998724460602,7236.4,1,165.29998170882465,1.6529998170882464e-05
2023-06-09,-5.5999966025352474,6042.4,377.39996745586393,5741.4,1,371.79997085332866,3.717999708533287e-05
2023-06-09,-5.5999966025352474,6042.4,377.39996745586393,5741.4,1,371.79997085332866,3.717999708533287e-05
2023-06-08,730.3999871328473,7273.2,-1527.100010371208,9342.2,1,-796.7000232383608,-7.967000232383608e-05
2023-06-08,730.3999871328473,7273.2,-1527.100010371208,9342.2,1,-796.7000232383608,-7.967000232383608e-05
2023-06-07,-890.5999926537276,5314.6,1530.9000103116036,7426.6,1,640.3000176578761,6.403000176578761e-05
2023-06-07,-890.5999926537276,5314.6,1530.9000103116036,7426.6,1,640.3000176578761,6.403000176578761e-05
2023-06-06,147.39998563528061,6423.4,-750.1000450611115,7409.4,1,-602.7000594258309,-6.0270005942583086e-05
2023-06-06,147.39998563528061,6423.4,-750.1000450611115,7409.4,1,-602.7000594258309,-6.0270005942583086e-05
2023-06-05,29.900008285045622,6758.6,4.399986410140992,7616.6,1,34.29999469518661,3.4299994695186614e-06
2023-06-05,29.900008285045622,6758.6,4.399986410140992,7616.6,1,34.29999469518661,3.4299994695186614e-06
2023-06-02,-39.59999472498894,6476.6,216.3999988079071,7789.6,1,176.80000408291818,1.768000040829182e-05
2023-06-02,-39.59999472498894,6476.6,216.3999988079071,7789.6,1,176.80000408291818,1.768000040829182e-05
2023-06-01,-75.59999876320362,5765.6,307.3999746084213,7233.6,1,231.7999758452177,2.317999758452177e-05
2023-06-01,-75.59999876320362,5765.6,307.3999746084213,7233.6,1,231.7999758452177,2.317999758452177e-05
2023-05-31,-30.100001549720766,5977.4,7.899971151351929,7287.4,1,-22.20003039836884,-2.220003039836884e-06
2023-05-31,-30.100001549720766,5977.4,7.899971151351929,7287.4,1,-22.20003039836884,-2.220003039836884e-06
2023-05-30,-106.09999351799487,5540.0,392.40007236003873,7209.0,1,286.30007884204383,2.8630007884204383e-05
2023-05-30,-106.09999351799487,5540.0,392.40007236003873,7209.0,1,286.30007884204383,2.8630007884204383e-05
2023-05-29,49.39999378621578,5927.8,-125.10004506111144,7531.8,1,-75.70005127489566,-7.5700051274895656e-06
2023-05-29,49.39999378621578,5927.8,-125.10004506111144,7531.8,1,-75.70005127489566,-7.5700051274895656e-06
2023-05-26,-85.10001056492328,4971.8,624.3999017715454,7140.8,1,539.2998912066221,5.3929989120662205e-05
2023-05-26,-85.10001056492328,4971.8,624.3999017715454,7140.8,1,539.2998912066221,5.3929989120662205e-05
2023-05-25,84.4000088363886,5610.2,-271.0999833106995,7547.2,1,-186.6999744743109,-1.8669997447431088e-05
2023-05-25,84.4000088363886,5610.2,-271.0999833106995,7547.2,1,-186.6999744743109,-1.8669997447431088e-05
2023-05-24,25.399997302889822,5733.8,-106.10009596347808,7231.8,1,-80.70009866058825,-8.070009866058825e-06
2023-05-24,25.399997302889822,5733.8,-106.10009596347808,7231.8,1,-80.70009866058825,-8.070009866058825e-06
2023-05-23,162.90000587105752,6862.2,-350.5999879598618,7732.2,1,-187.69998208880426,-1.8769998208880425e-05
2023-05-23,162.90000587105752,6862.2,-350.5999879598618,7732.2,1,-187.69998208880426,-1.8769998208880425e-05
2023-05-22,-25.099991416931154,6856.8,182.4000193119049,7681.8,1,157.30002789497377,1.5730002789497376e-05
2023-05-22,-25.099991416931154,6856.8,182.4000193119049,7681.8,1,157.30002789497377,1.5730002789497376e-05
2023-05-19,-46.599982833862306,6844.8,295.9000034570694,7689.8,1,249.30002062320708,2.493000206232071e-05
2023-05-19,-46.599982833862306,6844.8,295.9000034570694,7689.8,1,249.30002062320708,2.493000206232071e-05
2023-05-18,107.39997907876969,7380.8,-86.09998092651367,8264.8,1,21.299998152256023,2.1299998152256024e-06
2023-05-18,107.39997907876969,7380.8,-86.09998092651367,8264.8,1,21.299998152256023,2.1299998152256024e-06
2023-05-17,-43.09999809265137,7024.4,-0.6000237226486207,7935.4,1,-43.70002181529999,-4.370002181529999e-06
2023-05-17,-43.09999809265137,7024.4,-0.6000237226486207,7935.4,1,-43.70002181529999,-4.370002181529999e-06
2023-05-16,90.89999779462815,6900.2,-199.10003111362457,7487.2,1,-108.20003331899642,-1.0820003331899641e-05
2023-05-16,90.89999779462815,6900.2,-199.10003111362457,7487.2,1,-108.20003331899642,-1.0820003331899641e-05
2023-05-15,-742.6000019222498,6173.6,-6.599976277351379,7492.6,1,-749.1999781996012,-7.491999781996013e-05
2023-05-15,-742.6000019222498,6173.6,-6.599976277351379,7492.6,1,-749.1999781996012,-7.491999781996013e-05
2023-05-12,191.90000317394734,7075.4,-511.5999938607216,7789.4,1,-319.6999906867743,-3.196999906867743e-05
2023-05-12,191.90000317394734,7075.4,-511.5999938607216,7789.4,1,-319.6999906867743,-3.196999906867743e-05
2023-05-11,146.399987334013,7434.4,-129.59997222423553,7886.4,1,16.800015109777462,1.6800015109777462e-06
2023-05-11,146.399987334013,7434.4,-129.59997222423553,7886.4,1,16.800015109777462,1.6800015109777462e-06
2023-05-10,51.89998953938484,7618.8,-53.60002682209015,8056.8,1,-1.7000372827053098,-1.7000372827053098e-07
2023-05-10,51.89998953938484,7618.8,-53.60002682209015,8056.8,1,-1.7000372827053098,-1.7000372827053098e-07
2023-05-09,171.40000074505807,8285.2,-283.10003743171694,8133.2,1,-111.70003668665888,-1.1170003668665887e-05
2023-05-09,171.40000074505807,8285.2,-283.10003743171694,8133.2,1,-111.70003668665888,-1.1170003668665887e-05
2023-05-08,-85.10003850460052,7468.4,109.90002139806748,10203.4,1,24.79998289346696,2.479998289346696e-06
2023-05-08,-85.10003850460052,7468.4,109.90002139806748,10203.4,1,24.79998289346696,2.479998289346696e-06
2023-05-05,-550.6000114291907,5296.4,1498.3999817013741,7471.4,1,947.7999702721835,9.477999702721835e-05
2023-05-05,-550.6000114291907,5296.4,1498.3999817013741,7471.4,1,947.7999702721835,9.477999702721835e-05
2023-05-04,9.400001199543476,6227.2,52.399979376792906,5883.2,1,61.79998057633638,6.179998057633638e-06
2023-05-04,9.400001199543476,6227.2,52.399979376792906,5883.2,1,61.79998057633638,6.179998057633638e-06
2023-04-28,693.3999987632036,7936.4,-1372.099994277954,8431.4,1,-678.6999955147504,-6.786999955147505e-05
2023-04-28,693.3999987632036,7936.4,-1372.099994277954,8431.4,1,-678.6999955147504,-6.786999955147505e-05
2023-04-27,-45.600003159046175,7112.6,321.90003379583356,7944.6,1,276.30003063678737,2.7630003063678737e-05
2023-04-27,-45.600003159046175,7112.6,321.90003379583356,7944.6,1,276.30003063678737,2.7630003063678737e-05
2023-04-26,19.8999880194664,6981.2,165.40002956390381,8027.2,1,185.30001758337022,1.8530001758337024e-05
2023-04-26,19.8999880194664,6981.2,165.40002956390381,8027.2,1,185.30001758337022,1.8530001758337024e-05
2023-04-25,214.40000220537186,7301.8,-526.6000615119934,9964.8,1,-312.2000593066216,-3.122000593066216e-05
2023-04-25,214.40000220537186,7301.8,-526.6000615119934,9964.8,1,-312.2000593066216,-3.122000593066216e-05
2023-04-24,-750.0999798685312,5447.2,1373.8999231100083,7689.2,1,623.7999432414771,6.237999432414771e-05
2023-04-24,-750.0999798685312,5447.2,1373.8999231100083,7689.2,1,623.7999432414771,6.237999432414771e-05
2023-04-21,320.8999889284372,7450.4,-1038.6000113248824,8246.4,1,-717.7000223964452,-7.177000223964452e-05
2023-04-21,320.8999889284372,7450.4,-1038.6000113248824,8246.4,1,-717.7000223964452,-7.177000223964452e-05
2023-04-20,18.900008344650267,7585.8,38.39996590614319,8390.8,1,57.299974250793454,5.7299974250793455e-06
2023-04-20,18.900008344650267,7585.8,38.39996590614319,8390.8,1,57.299974250793454,5.7299974250793455e-06
2023-04-19,177.90001764297486,8252.0,-230.10003433227538,8744.0,1,-52.200016689300526,-5.220001668930053e-06
2023-04-19,177.90001764297486,8252.0,-230.10003433227538,8744.0,1,-52.200016689300526,-5.220001668930053e-06
2023-04-18,82.39996566772462,7794.0,-0.5999492168426515,8094.0,1,81.80001645088197,8.180001645088198e-06
2023-04-18,82.39996566772462,7794.0,-0.5999492168426515,8094.0,1,81.80001645088197,8.180001645088198e-06
2023-04-17,-666.0999735504389,7472.2,-356.10004380941393,8111.2,1,-1022.2000173598528,-0.00010222000173598528
2023-04-17,-666.0999735504389,7472.2,-356.10004380941393,8111.2,1,-1022.2000173598528,-0.00010222000173598528
2023-04-14,101.39999858438969,7679.0,-105.60001299381256,8429.0,1,-4.200014409422863,-4.200014409422863e-07
2023-04-14,101.39999858438969,7679.0,-105.60001299381256,8429.0,1,-4.200014409422863,-4.200014409422863e-07
2023-04-13,57.399998822808264,7564.8,-9.10001859664917,8114.8,1,48.29998022615909,4.829998022615909e-06
2023-04-13,57.399998822808264,7564.8,-9.10001859664917,8114.8,1,48.29998022615909,4.829998022615909e-06
2023-04-12,13.899998211860657,7592.4,62.8999708533287,8298.4,1,76.79996906518936,7.679996906518936e-06
2023-04-12,13.899998211860657,7592.4,62.8999708533287,8298.4,1,76.79996906518936,7.679996906518936e-06
2023-04-11,11.400011771917343,7449.2,89.89998086690903,8133.2,1,101.29999263882638,1.0129999263882639e-05
2023-04-11,11.400011771917343,7449.2,89.89998086690903,8133.2,1,101.29999263882638,1.0129999263882639e-05
2023-04-10,121.90000101327897,8048.6,-88.60002324581146,8368.6,1,33.29997776746751,3.329997776746751e-06
2023-04-10,121.90000101327897,8048.6,-88.60002324581146,8368.6,1,33.29997776746751,3.329997776746751e-06
2023-04-07,-97.60000795722007,7686.0,235.89999362230301,8520.0,1,138.29998566508294,1.3829998566508294e-05
2023-04-07,-97.60000795722007,7686.0,235.89999362230301,8520.0,1,138.29998566508294,1.3829998566508294e-05
2023-04-06,-17.59999484419823,7406.4,28.90002861022949,8160.4,1,11.300033766031262,1.1300033766031262e-06
2023-04-06,-17.59999484419823,7406.4,28.90002861022949,8160.4,1,11.300033766031262,1.1300033766031262e-06
2023-04-04,18.900008344650267,7556.6,18.900008344650267,8372.6,1,37.800016689300534,3.7800016689300535e-06
2023-04-04,18.900008344650267,7556.6,18.900008344650267,8372.6,1,37.800016689300534,3.7800016689300535e-06
2023-04-03,-109.09999773502349,6905.2,209.39995481967927,8340.2,1,100.29995708465577,1.0029995708465577e-05
2023-04-03,-109.09999773502349,6905.2,209.39995481967927,8340.2,1,100.29995708465577,1.0029995708465577e-05
2023-03-31,-66.60000473856925,6078.6,261.4000154972076,7948.6,1,194.80001075863836,1.9480001075863838e-05
2023-03-31,-66.60000473856925,6078.6,261.4000154972076,7948.6,1,194.80001075863836,1.9480001075863838e-05
2023-03-30,-70.59999794363975,5518.4,326.39992370605466,7751.4,1,255.79992576241492,2.557999257624149e-05
2023-03-30,-70.59999794363975,5518.4,326.39992370605466,7751.4,1,255.79992576241492,2.557999257624149e-05
2023-03-29,31.90000488758087,5761.4,-124.60003659725189,7756.4,1,-92.70003170967101,-9.270003170967101e-06
2023-03-29,31.90000488758087,5761.4,-124.60003659725189,7756.4,1,-92.70003170967101,-9.270003170967101e-06
2023-03-28,36.39999724328518,6125.8,-64.09998104572296,7961.8,1,-27.699983802437778,-2.769998380243778e-06
2023-03-28,36.39999724328518,6125.8,-64.09998104572296,7961.8,1,-27.699983802437778,-2.769998380243778e-06
2023-03-27,26.400004917383193,6160.4,3.399969482421875,7987.4,1,29.799974399805066,2.9799974399805067e-06
2023-03-27,26.400004917383193,6160.4,3.399969482421875,7987.4,1,29.799974399805066,2.9799974399805067e-06
2023-03-24,6.90001010298729,6109.8,76.40001311302186,7954.8,1,83.30002321600915,8.330002321600916e-06
2023-03-24,6.90001010298729,6109.8,76.40001311302186,7954.8,1,83.30002321600915,8.330002321600916e-06
2023-03-23,-33.600004917383195,5693.6,355.90005054473875,7954.6,1,322.30004562735553,3.223000456273555e-05
2023-03-23,-33.600004917383195,5693.6,355.90005054473875,7954.6,1,322.30004562735553,3.223000456273555e-05
2023-03-22,22.399993085861205,6454.4,70.39991154670716,6584.4,1,92.79990463256837,9.279990463256837e-06
2023-03-22,22.399993085861205,6454.4,70.39991154670716,6584.4,1,92.79990463256837,9.279990463256837e-06
2023-03-21,712.3999944269657,7991.8,-1439.5999448060988,8734.8,1,-727.1999503791332,-7.271999503791332e-05
2023-03-21,712.3999944269657,7991.8,-1439.5999448060988,8734.8,1,-727.1999503791332,-7.271999503791332e-05
2023-03-20,17.89999141693115,7925.0,-118.1000010728836,8504.0,1,-100.20000965595244,-1.0020000965595245e-05
2023-03-20,17.89999141693115,7925.0,-118.1000010728836,8504.0,1,-100.20000965595244,-1.0020000965595245e-05
2023-03-17,30.90002521276474,7920.2,63.400016570091246,8991.2,1,94.30004178285598,9.4300041782856e-06
2023-03-17,30.90002521276474,7920.2,63.400016570091246,8991.2,1,94.30004178285598,9.4300041782856e-06
2023-03-16,195.39997860193253,7522.6,-350.60006246566775,10331.6,1,-155.20008386373522,-1.5520008386373522e-05
2023-03-16,195.39997860193253,7522.6,-350.60006246566775,10331.6,1,-155.20008386373522,-1.5520008386373522e-05
2023-03-15,-784.6000143945217,5460.6,1459.4000293254853,8585.6,1,674.8000149309636,6.748000149309636e-05
2023-03-15,-784.6000143945217,5460.6,1459.4000293254853,8585.6,1,674.8000149309636,6.748000149309636e-05
2023-03-14,76.90000295042992,5691.2,-299.099861240387,5669.2,1,-222.19985828995706,-2.2219985828995706e-05
2023-03-14,76.90000295042992,5691.2,-299.099861240387,5669.2,1,-222.19985828995706,-2.2219985828995706e-05
2023-03-13,154.39999237060547,7370.8,-2274.09995213747,10190.8,1,-2119.6999597668646,-0.00021196999597668646
2023-03-13,154.39999237060547,7370.8,-2274.09995213747,10190.8,1,-2119.6999597668646,-0.00021196999597668646
2023-03-10,-493.59999649822714,5336.4,1550.4000423789025,7415.4,1,1056.8000458806755,0.00010568000458806755
2023-03-10,-493.59999649822714,5336.4,1550.4000423789025,7415.4,1,1056.8000458806755,0.00010568000458806755
2023-03-09,37.89999935179949,5855.8,-89.5999656677246,7804.8,1,-51.69996631592512,-5.169996631592512e-06
2023-03-09,37.89999935179949,5855.8,-89.5999656677246,7804.8,1,-51.69996631592512,-5.169996631592512e-06
2023-03-08,-21.59999736249447,5740.0,103.39994862079621,7857.0,1,81.79995125830175,8.179995125830174e-06
2023-03-08,-21.59999736249447,5740.0,103.39994862079621,7857.0,1,81.79995125830175,8.179995125830174e-06
2023-03-07,193.90000908970833,7045.6,-688.5999725818634,8245.6,1,-494.6999634921551,-4.946999634921551e-05
2023-03-07,193.90000908970833,7045.6,-688.5999725818634,8245.6,1,-494.6999634921551,-4.946999634921551e-05
2023-03-06,4.900013500452042,7033.0,76.90002157688141,8137.0,1,81.80003507733346,8.180003507733346e-06
2023-03-06,4.900013500452042,7033.0,76.90002157688141,8137.0,1,81.80003507733346,8.180003507733346e-06
2023-03-03,58.90001490116119,7239.2,-74.10000131130218,8334.2,1,-15.199986410140987,-1.5199986410140988e-06
2023-03-03,58.90001490116119,7239.2,-74.10000131130218,8334.2,1,-15.199986410140987,-1.5199986410140988e-06
2023-03-02,46.400008195638655,7309.6,-22.600023603439332,8302.6,1,23.799984592199323,2.379998459219932e-06
2023-03-02,46.400008195638655,7309.6,-22.600023603439332,8302.6,1,23.799984592199323,2.379998459219932e-06
2023-03-01,-119.60000783801078,6762.8,338.3999778270721,8130.8,1,218.79996998906134,2.1879996998906134e-05
2023-03-01,-119.60000783801078,6762.8,338.3999778270721,8130.8,1,218.79996998906134,2.1879996998906134e-05
2023-02-28,-46.599982833862306,6569.0,158.39991106987,8450.0,1,111.7999282360077,1.117999282360077e-05
2023-02-28,-46.599982833862306,6569.0,158.39991106987,8450.0,1,111.7999282360077,1.117999282360077e-05
2023-02-27,-16.10000670552254,6260.4,21.39997615814209,7841.4,1,5.29996945261955,5.299969452619549e-07
2023-02-27,-16.10000670552254,6260.4,21.39997615814209,7841.4,1,5.29996945261955,5.299969452619549e-07
2023-02-24,36.89999639391899,6772.8,-6.10004231929779,8136.8,1,30.799954074621198,3.0799954074621197e-06
2023-02-24,36.89999639391899,6772.8,-6.10004231929779,8136.8,1,30.799954074621198,3.0799954074621197e-06
2023-02-23,71.40000298023224,7248.4,-143.0999772310257,8543.4,1,-71.69997425079345,-7.169997425079344e-06
2023-02-23,71.40000298023224,7248.4,-143.0999772310257,8543.4,1,-71.69997425079345,-7.169997425079344e-06
2023-02-22,44.399992966651915,7164.8,42.39995911121368,8422.8,1,86.7999520778656,8.67999520778656e-06
2023-02-22,44.399992966651915,7164.8,42.39995911121368,8422.8,1,86.7999520778656,8.67999520778656e-06
2023-02-21,-20.099999910593034,8160.4,56.89990653991699,7286.4,1,36.79990662932396,3.679990662932396e-06
2023-02-21,-20.099999910593034,8160.4,56.89990653991699,7286.4,1,36.79990662932396,3.679990662932396e-06
2023-02-20,534.4000174045563,7730.2,-902.6000188350678,10193.2,1,-368.2000014305115,-3.682000014305115e-05
2023-02-20,534.4000174045563,7730.2,-902.6000188350678,10193.2,1,-368.2000014305115,-3.682000014305115e-05
2023-02-17,-769.6000026226044,6258.6,1147.9000462532044,8258.6,1,378.30004363060004,3.7830004363060005e-05
2023-02-17,-769.6000026226044,6258.6,1147.9000462532044,8258.6,1,378.30004363060004,3.7830004363060005e-05
2023-02-16,263.89998331069944,7391.2,-617.5999628067017,8528.2,1,-353.69997949600224,-3.536999794960022e-05
2023-02-16,263.89998331069944,7391.2,-617.5999628067017,8528.2,1,-353.69997949600224,-3.536999794960022e-05
2023-02-15,62.90000810623169,7629.4,-93.10002491474151,8647.4,1,-30.200016808509822,-3.0200016808509823e-06
2023-02-15,62.90000810623169,7629.4,-93.10002491474151,8647.4,1,-30.200016808509822,-3.0200016808509823e-06
2023-02-14,68.90003516674042,7070.0,-30.100001549720766,8200.0,1,38.80003361701966,3.880003361701966e-06
2023-02-14,68.90003516674042,7070.0,-30.100001549720766,8200.0,1,38.80003361701966,3.880003361701966e-06
2023-02-13,-576.6000231415034,6661.4,-546.5999530315399,8118.4,1,-1123.1999761730433,-0.00011231999761730432
2023-02-13,-576.6000231415034,6661.4,-546.5999530315399,8118.4,1,-1123.1999761730433,-0.00011231999761730432
2023-02-10,81.40000461935998,6635.8,-107.60004684925079,7804.8,1,-26.200042229890812,-2.6200042229890814e-06
2023-02-10,81.40000461935998,6635.8,-107.60004684925079,7804.8,1,-26.200042229890812,-2.6200042229890814e-06
2023-02-09,-191.6000066012144,5579.0,782.3999686479568,7735.0,1,590.7999620467424,5.907999620467424e-05
2023-02-09,-191.6000066012144,5579.0,782.3999686479568,7735.0,1,590.7999620467424,5.907999620467424e-05
2023-02-08,112.39999852478505,6220.0,-420.5999808073044,7861.0,1,-308.1999822825194,-3.081999822825194e-05
2023-02-08,112.39999852478505,6220.0,-420.5999808073044,7861.0,1,-308.1999822825194,-3.081999822825194e-05
2023-02-07,14.399997362494469,6083.6,159.39992799758912,7771.6,1,173.7999253600836,1.737999253600836e-05
2023-02-07,14.399997362494469,6083.6,159.39992799758912,7771.6,1,173.7999253600836,1.737999253600836e-05
2023-02-06,6.400001639127732,6209.8,83.89999105930329,7603.8,1,90.29999269843103,9.029999269843103e-06
2023-02-06,6.400001639127732,6209.8,83.89999105930329,7603.8,1,90.29999269843103,9.029999269843103e-06
2023-02-03,37.40000485777855,6817.6,-38.100062465667726,7915.6,1,-0.7000576078891783,-7.000576078891782e-08
2023-02-03,37.40000485777855,6817.6,-38.100062465667726,7915.6,1,-0.7000576078891783,-7.000576078891782e-08
2023-02-02,-68.6000013411045,6881.6,127.90006532669068,8078.6,1,59.30006398558618,5.930006398558618e-06
2023-02-02,-68.6000013411045,6881.6,127.90006532669068,8078.6,1,59.30006398558618,5.930006398558618e-06
2023-02-01,-136.10000774860382,6374.8,84.39999952316285,8159.8,1,-51.70000822544097,-5.170000822544097e-06
2023-02-01,-136.10000774860382,6374.8,84.39999952316285,8159.8,1,-51.70000822544097,-5.170000822544097e-06
2023-01-31,41.400016689300536,6036.6,55.400030159950255,8007.6,1,96.80004684925079,9.68000468492508e-06
2023-01-31,41.400016689300536,6036.6,55.400030159950255,8007.6,1,96.80004684925079,9.68000468492508e-06
2023-01-30,265.9000171661377,6099.6,-385.1000504255295,8328.6,1,-119.20003325939183,-1.1920003325939184e-05
2023-01-30,265.9000171661377,6099.6,-385.1000504255295,8328.6,1,-119.20003325939183,-1.1920003325939184e-05
2023-01-20,-476.5999986011535,5481.0,-298.60000178813937,5539.0,1,-775.2000003892929,-7.752000003892929e-05
2023-01-20,-476.5999986011535,5481.0,-298.60000178813937,5539.0,1,-775.2000003892929,-7.752000003892929e-05
2023-01-19,120.39999774061144,6657.6,-1563.1000609755515,7373.6,1,-1442.70006323494,-0.000144270006323494
2023-01-19,120.39999774061144,6657.6,-1563.1000609755515,7373.6,1,-1442.70006323494,-0.000144270006323494
2023-01-18,-9.099999970197677,6732.4,66.90000131130219,7632.4,1,57.80000134110451,5.780000134110451e-06
2023-01-18,-9.099999970197677,6732.4,66.90000131130219,7632.4,1,57.80000134110451,5.780000134110451e-06
2023-01-17,88.90001050531865,6646.6,50.89999123811722,7703.6,1,139.80000174343587,1.3980000174343587e-05
2023-01-17,88.90001050531865,6646.6,50.89999123811722,7703.6,1,139.80000174343587,1.3980000174343587e-05
2023-01-16,32.399994724988936,6415.8,-18.10002193450928,8006.8,1,14.299972790479657,1.4299972790479656e-06
2023-01-16,32.399994724988936,6415.8,-18.10002193450928,8006.8,1,14.299972790479657,1.4299972790479656e-06
2023-01-13,-26.099999031424524,5348.2,380.9001012086868,7470.2,1,354.80010217726226,3.548001021772623e-05
2023-01-13,-26.099999031424524,5348.2,380.9001012086868,7470.2,1,354.80010217726226,3.548001021772623e-05
2023-01-12,38.900002309679984,5448.6,-161.59999237060546,7547.6,1,-122.69999006092547,-1.2269999006092547e-05
2023-01-12,38.900002309679984,5448.6,-161.59999237060546,7547.6,1,-122.69999006092547,-1.2269999006092547e-05
2023-01-11,44.40000227987766,5471.8,-90.59990808963775,7349.8,1,-46.19990580976009,-4.619990580976009e-06
2023-01-11,44.40000227987766,5471.8,-90.59990808963775,7349.8,1,-46.19990580976009,-4.619990580976009e-06
2023-01-10,-5.0999974519014355,5402.6,110.39991810321808,7385.6,1,105.29992065131665,1.0529992065131666e-05
2023-01-10,-5.0999974519014355,5402.6,110.39991810321808,7385.6,1,105.29992065131665,1.0529992065131666e-05
2023-01-09,40.39999976158142,5664.4,-188.60000238418579,7766.4,1,-148.20000262260436,-1.4820000262260435e-05
2023-01-09,40.39999976158142,5664.4,-188.60000238418579,7766.4,1,-148.20000262260436,-1.4820000262260435e-05
2023-01-06,19.399998182058333,6189.4,-53.09994385242462,5839.4,1,-33.69994567036629,-3.369994567036629e-06
2023-01-06,19.399998182058333,6189.4,-53.09994385242462,5839.4,1,-33.69994567036629,-3.369994567036629e-06
2023-01-05,668.9000310689211,7807.6,-1382.6000230073928,8064.6,1,-713.6999919384717,-7.136999919384717e-05
2023-01-05,668.9000310689211,7807.6,-1382.6000230073928,8064.6,1,-713.6999919384717,-7.136999919384717e-05
2023-01-04,8.899988079071045,7561.6,58.400006437301634,7816.6,1,67.29999451637268,6.7299994516372675e-06
2023-01-04,8.899988079071045,7561.6,58.400006437301634,7816.6,1,67.29999451637268,6.7299994516372675e-06
2023-01-03,-234.1000089108944,6448.4,525.9000225305557,7482.4,1,291.8000136196613,2.9180001361966128e-05
2023-01-03,-234.1000089108944,6448.4,525.9000225305557,7482.4,1,291.8000136196613,2.9180001361966128e-05
2022-12-30,90.89997916817666,6636.4,-82.6000706911087,7666.4,1,8.299908477067959,8.299908477067959e-07
2022-12-30,90.89997916817666,6636.4,-82.6000706911087,7666.4,1,8.299908477067959,8.299908477067959e-07
2022-12-29,36.89999639391899,6464.4,26.3999862909317,7419.4,1,63.29998268485069,6.329998268485069e-06
2022-12-29,36.89999639391899,6464.4,26.3999862909317,7419.4,1,63.29998268485069,6.329998268485069e-06
2022-12-28,22.900001549720763,6599.6,75.9000046491623,7401.6,1,98.80000619888307,9.880000619888306e-06
2022-12-28,22.900001549720763,6599.6,75.9000046491623,7401.6,1,98.80000619888307,9.880000619888306e-06
2022-12-27,-36.59999982118607,6413.8,228.3999784231186,7591.8,1,191.79997860193254,1.9179997860193255e-05
2022-12-27,-36.59999982118607,6413.8,228.3999784231186,7591.8,1,191.79997860193254,1.9179997860193255e-05
2022-12-26,-22.100015139579774,5956.2,147.8999568462372,7711.2,1,125.79994170665742,1.2579994170665741e-05
2022-12-26,-22.100015139579774,5956.2,147.8999568462372,7711.2,1,125.79994170665742,1.2579994170665741e-05
2022-12-23,-1.0999949336051942,5439.2,52.399979376792906,7083.2,1,51.29998444318771,5.129998444318771e-06
2022-12-23,-1.0999949336051942,5439.2,52.399979376792906,7083.2,1,51.29998444318771,5.129998444318771e-06
2022-12-22,206.39999716877938,6647.0,-485.5999635219574,7618.0,1,-279.19996635317807,-2.7919996635317807e-05
2022-12-22,206.39999716877938,6647.0,-485.5999635219574,7618.0,1,-279.19996635317807,-2.7919996635317807e-05
2022-12-21,136.89995690584183,7092.6,-153.0999974966049,7841.6,1,-16.20004059076308,-1.620004059076308e-06
2022-12-21,136.89995690584183,7092.6,-153.0999974966049,7841.6,1,-16.20004059076308,-1.620004059076308e-06
2022-12-20,115.40000274181367,6546.0,-232.6000021457672,9300.0,1,-117.19999940395354,-1.1719999940395353e-05
2022-12-20,115.40000274181367,6546.0,-232.6000021457672,9300.0,1,-117.19999940395354,-1.1719999940395353e-05
2022-12-19,-1104.6000063106417,5801.6,379.9000097751617,7162.6,1,-724.69999653548,-7.2469999653548e-05
2022-12-19,-1104.6000063106417,5801.6,379.9000097751617,7162.6,1,-724.69999653548,-7.2469999653548e-05
2022-12-16,3.8999965727329253,5976.0,128.90000774860383,7184.0,1,132.80000432133676,1.3280000432133675e-05
2022-12-16,3.8999965727329253,5976.0,128.90000774860383,7184.0,1,132.80000432133676,1.3280000432133675e-05
2022-12-15,75.40000549852849,6483.4,-55.100052213668825,7675.4,1,20.29995328485966,2.029995328485966e-06
2022-12-15,75.40000549852849,6483.4,-55.100052213668825,7675.4,1,20.29995328485966,2.029995328485966e-06
2022-12-14,130.89998572468758,6995.4,-268.1000070333481,7916.4,1,-137.20002130866052,-1.3720002130866053e-05
2022-12-14,130.89998572468758,6995.4,-268.1000070333481,7916.4,1,-137.20002130866052,-1.3720002130866053e-05
2022-12-13,20.899986320734023,7022.8,-11.099977946281433,7673.8,1,9.80000837445259,9.80000837445259e-07
2022-12-13,20.899986320734023,7022.8,-11.099977946281433,7673.8,1,9.80000837445259,9.80000837445259e-07
2022-12-12,-20.5999897480011,7366.2,82.90001138448716,7748.2,1,62.30002163648606,6.230002163648606e-06
2022-12-12,-20.5999897480011,7366.2,82.90001138448716,7748.2,1,62.30002163648606,6.230002163648606e-06
2022-12-09,-55.59998617172241,7533.0,100.90001806020737,8066.0,1,45.30003188848496,4.530003188848496e-06
2022-12-09,-55.59998617172241,7533.0,100.90001806020737,8066.0,1,45.30003188848496,4.530003188848496e-06
2022-12-08,-4.099971210956573,7517.0,69.40004363059998,7931.0,1,65.30007241964341,6.5300072419643416e-06
2022-12-08,-4.099971210956573,7517.0,69.40004363059998,7931.0,1,65.30007241964341,6.5300072419643416e-06
2022-12-07,48.89999463558197,7857.4,48.89999463558197,8192.4,1,97.79998927116394,9.779998927116395e-06
2022-12-07,48.89999463558197,7857.4,48.89999463558197,8192.4,1,97.79998927116394,9.779998927116395e-06
2022-12-06,75.39999618530274,8036.4,14.400006675720215,8352.4,1,89.80000286102296,8.980000286102295e-06
2022-12-06,75.39999618530274,8036.4,14.400006675720215,8352.4,1,89.80000286102296,8.980000286102295e-06
2022-12-05,-11.099977946281433,7758.8,85.89995040893555,8437.8,1,74.79997246265413,7.479997246265413e-06
2022-12-05,-11.099977946281433,7758.8,85.89995040893555,8437.8,1,74.79997246265413,7.479997246265413e-06
2022-12-02,245.40000542402268,8011.2,-159.10002455711364,8505.2,1,86.29998086690904,8.629998086690903e-06
2022-12-02,245.40000542402268,8011.2,-159.10002455711364,8505.2,1,86.29998086690904,8.629998086690903e-06
2022-12-01,166.89998044967652,7937.2,-7.099984741210937,8804.2,1,159.7999957084656,1.597999957084656e-05
2022-12-01,166.89998044967652,7937.2,-7.099984741210937,8804.2,1,159.7999957084656,1.597999957084656e-05
2022-11-30,128.39999928474427,7631.0,-29.599993085861207,8330.0,1,98.80000619888307,9.880000619888306e-06
2022-11-30,128.39999928474427,7631.0,-29.599993085861207,8330.0,1,98.80000619888307,9.880000619888306e-06
2022-11-29,-206.10000059604644,6785.8,212.40000560283661,8505.8,1,6.3000050067901725,6.300005006790172e-07
2022-11-29,-206.10000059604644,6785.8,212.40000560283661,8505.8,1,6.3000050067901725,6.300005006790172e-07
2022-11-28,-77.60000467896461,5608.8,447.8999687671661,6911.8,1,370.2999640882015,3.7029996408820146e-05
2022-11-28,-77.60000467896461,5608.8,447.8999687671661,6911.8,1,370.2999640882015,3.7029996408820146e-05
2022-11-25,-75.59998944997787,6506.4,216.3999988079071,7579.4,1,140.80000935792924,1.4080000935792924e-05
2022-11-25,-75.59998944997787,6506.4,216.3999988079071,7579.4,1,140.80000935792924,1.4080000935792924e-05
2022-11-24,82.4000029206276,7342.4,-150.6000296831131,8442.4,1,-68.20002676248549,-6.820002676248549e-06
2022-11-24,82.4000029206276,7342.4,-150.6000296831131,8442.4,1,-68.20002676248549,-6.820002676248549e-06
2022-11-23,10.900021934509278,7236.6,-85.60004696846008,8284.6,1,-74.7000250339508,-7.47000250339508e-06
2022-11-23,10.900021934509278,7236.6,-85.60004696846008,8284.6,1,-74.7000250339508,-7.47000250339508e-06
2022-11-22,220.4000292658806,8040.0,-299.1000102519989,8430.0,1,-78.69998098611833,-7.869998098611834e-06
2022-11-22,220.4000292658806,8040.0,-299.1000102519989,8430.0,1,-78.69998098611833,-7.869998098611834e-06
2022-11-21,-117.09998414516448,7815.4,315.9000439882278,8050.4,1,198.80005984306334,1.9880005984306335e-05
2022-11-21,-117.09998414516448,7815.4,315.9000439882278,8050.4,1,198.80005984306334,1.9880005984306335e-05
2022-11-18,160.8999533891678,8749.2,33.400030279159544,8931.2,1,194.29998366832734,1.9429998366832734e-05
2022-11-18,160.8999533891678,8749.2,33.400030279159544,8931.2,1,194.29998366832734,1.9429998366832734e-05
2022-11-17,-239.59997162818908,8102.2,304.3999983310699,8356.2,1,64.80002670288084,6.480002670288084e-06
2022-11-17,-239.59997162818908,8102.2,304.3999983310699,8356.2,1,64.80002670288084,6.480002670288084e-06
2022-11-16,230.39993777275086,9099.4,-133.59996542930602,9185.4,1,96.79997234344484,9.679997234344483e-06
2022-11-16,230.39993777275086,9099.4,-133.59996542930602,9185.4,1,96.79997234344484,9.679997234344483e-06
2022-11-15,-280.6000696182251,6757.4,579.8999680519104,7881.4,1,299.29989843368526,2.9929989843368527e-05
2022-11-15,-280.6000696182251,6757.4,579.8999680519104,7881.4,1,299.29989843368526,2.9929989843368527e-05
2022-11-14,-574.5999427199364,7353.0,-1165.0999547600745,8316.0,1,-1739.6998974800108,-0.0001739699897480011
2022-11-14,-574.5999427199364,7353.0,-1165.0999547600745,8316.0,1,-1739.6998974800108,-0.0001739699897480011
2022-11-11,322.40002363324163,7471.8,-311.0999898672104,8832.8,1,11.30003376603122,1.130003376603122e-06
2022-11-11,322.40002363324163,7471.8,-311.0999898672104,8832.8,1,11.30003376603122,1.130003376603122e-06
2022-11-10,29.399999821186064,6357.0,131.40005006790162,7493.0,1,160.8000498890877,1.608000498890877e-05
2022-11-10,29.399999821186064,6357.0,131.40005006790162,7493.0,1,160.8000498890877,1.608000498890877e-05
2022-11-09,1.4000101327896117,6795.8,38.900048875808714,7779.8,1,40.300059008598325,4.030005900859833e-06
2022-11-09,1.4000101327896117,6795.8,38.900048875808714,7779.8,1,40.300059008598325,4.030005900859833e-06
2022-11-08,-48.09998959898949,6693.6,311.9000507831573,7774.6,1,263.8000611841678,2.6380006118416783e-05
2022-11-08,-48.09998959898949,6693.6,311.9000507831573,7774.6,1,263.8000611841678,2.6380006118416783e-05
2022-11-07,143.90000089406968,7300.0,-103.59997913837432,8265.0,1,40.300021755695354,4.030002175569535e-06
2022-11-07,143.90000089406968,7300.0,-103.59997913837432,8265.0,1,40.300021755695354,4.030002175569535e-06
2022-11-04,-367.60003358721735,5329.6,872.9000849962234,7716.6,1,505.3000514090061,5.053000514090061e-05
2022-11-04,-367.60003358721735,5329.6,872.9000849962234,7716.6,1,505.3000514090061,5.053000514090061e-05
2022-11-03,5.899993175268174,5945.6,26.89999475479126,5896.6,1,32.79998793005943,3.279998793005943e-06
2022-11-03,5.899993175268174,5945.6,26.89999475479126,5896.6,1,32.79998793005943,3.279998793005943e-06
2022-11-02,803.8999786913395,7981.4,-1393.1000517368316,8301.4,1,-589.2000730454921,-5.892000730454921e-05
2022-11-02,803.8999786913395,7981.4,-1393.1000517368316,8301.4,1,-589.2000730454921,-5.892000730454921e-05
2022-11-01,-301.0999696016312,6144.8,882.8999562501907,7978.8,1,581.7999866485595,5.817999866485595e-05
2022-11-01,-301.0999696016312,6144.8,882.8999562501907,7978.8,1,581.7999866485595,5.817999866485595e-05
2022-10-31,-75.1000182390213,5325.0,293.9000441074371,7448.0,1,218.80002586841582,2.1880002586841583e-05
2022-10-31,-75.1000182390213,5325.0,293.9000441074371,7448.0,1,218.80002586841582,2.1880002586841583e-05
2022-10-28,514.9000039637089,6796.0,-954.5999305009842,9578.0,1,-439.69992653727536,-4.396999265372754e-05
2022-10-28,514.9000039637089,6796.0,-954.5999305009842,9578.0,1,-439.69992653727536,-4.396999265372754e-05
2022-10-27,-642.0999863803387,6291.2,1292.9000420808793,6563.2,1,650.8000557005406,6.508000557005406e-05
2022-10-27,-642.0999863803387,6291.2,1292.9000420808793,6563.2,1,650.8000557005406,6.508000557005406e-05
2022-10-26,604.9000187158584,7101.0,-1233.6000339746474,8345.0,1,-628.700015258789,-6.28700015258789e-05
2022-10-26,604.9000187158584,7101.0,-1233.6000339746474,8345.0,1,-628.700015258789,-6.28700015258789e-05
2022-10-25,-57.0999743103981,5491.2,680.4000301599502,9029.2,1,623.3000558495521,6.233000558495521e-05
2022-10-25,-57.0999743103981,5491.2,680.4000301599502,9029.2,1,623.3000558495521,6.233000558495521e-05
2022-10-24,-498.599997317791,6556.8,474.89997878074644,7084.8,1,-23.70001853704457,-2.370001853704457e-06
2022-10-24,-498.599997317791,6556.8,474.89997878074644,7084.8,1,-23.70001853704457,-2.370001853704457e-06
2022-10-21,831.4000530481338,8096.6,-1803.100063061714,8718.6,1,-971.7000100135803,-9.717000100135802e-05
2022-10-21,831.4000530481338,8096.6,-1803.100063061714,8718.6,1,-971.7000100135803,-9.717000100135802e-05
2022-10-20,-106.59999266862869,6896.2,78.39997246265412,9691.2,1,-28.200020205974567,-2.8200020205974566e-06
2022-10-20,-106.59999266862869,6896.2,78.39997246265412,9691.2,1,-28.200020205974567,-2.8200020205974566e-06
2022-10-19,-649.5999829530716,6550.0,1389.9000449419023,6410.0,1,740.3000619888306,7.403000619888306e-05
2022-10-19,-649.5999829530716,6550.0,1389.9000449419023,6410.0,1,740.3000619888306,7.403000619888306e-05
2022-10-18,851.4000190734863,8017.8,-1288.5999964237212,7943.8,1,-437.1999773502349,-4.371999773502349e-05
2022-10-18,851.4000190734863,8017.8,-1288.5999964237212,7943.8,1,-437.1999773502349,-4.371999773502349e-05
2022-10-17,-780.1000313520432,7659.4,-603.599986588955,7841.4,1,-1383.7000179409981,-0.0001383700017940998
2022-10-17,-780.1000313520432,7659.4,-603.599986588955,7841.4,1,-1383.7000179409981,-0.0001383700017940998
2022-10-14,-333.5999795854092,6093.2,724.8999638795852,7783.2,1,391.29998429417606,3.9129998429417604e-05
2022-10-14,-333.5999795854092,6093.2,724.8999638795852,7783.2,1,391.29998429417606,3.9129998429417604e-05
2022-10-13,20.900004947185515,6489.2,172.89993300437928,5831.2,1,193.7999379515648,1.937999379515648e-05
2022-10-13,20.900004947185515,6489.2,172.89993300437928,5831.2,1,193.7999379515648,1.937999379515648e-05
2022-10-12,405.3999757707119,6899.6,-809.1000752210617,7577.6,1,-403.70009945034985,-4.0370009945034984e-05
2022-10-12,405.3999757707119,6899.6,-809.1000752210617,7577.6,1,-403.70009945034985,-4.0370009945034984e-05
2022-10-11,-20.099981284141542,6632.2,17.89999141693115,7736.2,1,-2.199989867210391,-2.199989867210391e-07
2022-10-11,-20.099981284141542,6632.2,17.89999141693115,7736.2,1,-2.199989867210391,-2.199989867210391e-07
2022-10-10,499.40000235438345,7146.8,-564.1000630021096,10046.8,1,-64.7000606477261,-6.470006064772611e-06
2022-10-10,499.40000235438345,7146.8,-564.1000630021096,10046.8,1,-64.7000606477261,-6.470006064772611e-06
2022-09-30,-473.6000211596489,5601.4,1052.8999282360078,7676.4,1,579.2999070763589,5.792999070763588e-05
2022-09-30,-473.6000211596489,5601.4,1052.8999282360078,7676.4,1,579.2999070763589,5.792999070763588e-05
2022-09-29,131.9000026524067,5710.4,-23.10010657310486,7970.4,1,108.79989607930185,1.0879989607930184e-05
2022-09-29,131.9000026524067,5710.4,-23.10010657310486,7970.4,1,108.79989607930185,1.0879989607930184e-05
2022-09-28,308.3999915361404,6938.2,-787.100000834465,7839.2,1,-478.70000929832463,-4.7870000929832465e-05
2022-09-28,308.3999915361404,6938.2,-787.100000834465,7839.2,1,-478.70000929832463,-4.7870000929832465e-05
2022-09-27,-211.6000191926956,6286.4,376.4000250339508,8306.4,1,164.80000584125517,1.6480000584125516e-05
2022-09-27,-211.6000191926956,6286.4,376.4000250339508,8306.4,1,164.80000584125517,1.6480000584125516e-05
2022-09-26,99.3999926686287,6511.0,-352.1000878572464,7790.0,1,-252.70009518861772,-2.5270009518861773e-05
2022-09-26,99.3999926686287,6511.0,-352.1000878572464,7790.0,1,-252.70009518861772,-2.5270009518861773e-05
2022-09-23,231.40002920627595,7855.2,-289.59999845027926,8546.2,1,-58.19996924400331,-5.819996924400331e-06
2022-09-23,231.40002920627595,7855.2,-289.59999845027926,8546.2,1,-58.19996924400331,-5.819996924400331e-06
2022-09-22,3.899977946281433,7798.2,183.9000447034836,8395.2,1,187.80002264976503,1.8780002264976502e-05
2022-09-22,3.899977946281433,7798.2,183.9000447034836,8395.2,1,187.80002264976503,1.8780002264976502e-05
2022-09-21,-300.5999983906746,6956.4,592.899964594841,7822.4,1,292.29996620416637,2.9229996620416637e-05
2022-09-21,-300.5999983906746,6956.4,592.899964594841,7822.4,1,292.29996620416637,2.9229996620416637e-05
2022-09-20,-6.1000050663948056,7606.8,2.900035524368286,8785.8,1,-3.1999695420265195,-3.1999695420265197e-07
2022-09-20,-6.1000050663948056,7606.8,2.900035524368286,8785.8,1,-3.1999695420265195,-3.1999695420265197e-07
2022-09-19,116.40001966953278,,-151.10003814697265,,1,-34.70001847743987,-3.470001847743987e-06
2022-09-19,116.40001966953278,,-151.10003814697265,,1,-34.70001847743987,-3.470001847743987e-06
